{
    "Items": [
        {
            "tag": "Cube",
            "name": "Obstacle 1",
            "Position": {
                "x": 0.009468793869018555,
                "y": 0.15000003576278687,
                "z": -0.027811288833618165
            },
            "Rotation": {
                "x": 0.0,
                "y": 0.0,
                "z": 0.0
            },
            "Scale": {
                "x": 1.0,
                "y": 0.5,
                "z": 0.04999999701976776
            }
        },
        {
            "tag": "Cube",
            "name": "Obstacle 2",
            "Position": {
                "x": 0.0,
                "y": 0.15000003576278687,
                "z": 2.384185791015625e-7
            },
            "Rotation": {
                "x": 0.0,
                "y": 0.0,
                "z": 0.0
            },
            "Scale": {
                "x": 0.04999999701976776,
                "y": 0.5,
                "z": 1.0
            }
        }
    ]
}